"";"tren.AGROPEC.";"tren.INDUST.";"tren.Ext.Mineral";"tren.Transfor.";"tren.Eletricidade";"tren.Construcao";"tren.SERVIC.";"tren.Comercio";"tren.Transporte";"tren.Serv.infor.";"tren.Interm.finac.";"tren.Ativ.imobili.";"tren.OutrosServ.";"tren.Adm.publica";"cycle.AGROPEC.";"cycle.INDUST.";"cycle.Ext.Mineral";"cycle.Transfor.";"cycle.Eletricidade";"cycle.Construcao";"cycle.SERVIC.";"cycle.Comercio";"cycle.Transporte";"cycle.Serv.infor.";"cycle.Interm.finac.";"cycle.Ativ.imobili.";"cycle.OutrosServ.";"cycle.Adm.publica";"grow.AGROPEC.";"grow.INDUST.";"grow.Ext.Mineral";"grow.Transfor.";"grow.Eletricidade";"grow.Construcao";"grow.SERVIC.";"grow.Comercio";"grow.Transporte";"grow.Serv.infor.";"grow.Interm.finac.";"grow.Ativ.imobili.";"grow.OutrosServ.";"grow.Adm.publica"
"1";9,11233627069798;10,7320457093323;6,96022375186255;10,3271669752091;8,26785473085479;9,34573209699743;11,5351729971169;9,64929913339284;8,64120289362495;8,16616835463485;9,67732319152183;9,59718813298839;10,0482902798802;10,1212597903214;-0,0623660663768392;-0,10707724935227;0,0827294282791696;-0,169327648147184;-0,0288332167688332;-0,0424403179464794;0,0210068515717512;-0,108665532655522;-0,0221281789697222;0,0875173156946471;0,0368074964336089;0,0424447943408129;0,00326658281491582;0,0588074432808968;0,015320641326277;0,00658695788315857;0,010936280733632;-0,00971999327838301;0,00901651445937274;0,00723021108784813;0,00560411365952812;0,0045722494277196;0,0062714193703299;0,0189490035914117;0,000809719481545364;0,00528711071450173;0,00414819940677262;0,00504839745797558
"2";9,13810504612533;10,7400636603558;6,97029428904443;10,3282865270241;8,27755109551567;9,35093649436047;11,540441956314;9,65216008252787;8,64510148166051;8,18541223517497;9,68027454003657;9,6027543181364;10,0514285413074;10,1270952533277;-0,0977110365118334;-0,140191772109925;0,0781292107386727;-0,237251369091568;-0,0259012085789361;-0,0522544310336946;0,0193296560117248;-0,109722370911292;-0,047415984294183;0,0832489918425948;0,036777107506845;0,0432629088718326;-0,00478396140132439;0,0621032232968278;0,0111469801800534;0,00496825145409867;0,0112740064534205;-0,0156268657782148;0,00936396825650909;0,00803143088246665;0,00585182310611736;0,00590599121784661;0,00828407145606812;0,0190775878868799;-0,000441531099830042;0,0054155147183056;0,00446378222623058;0,00464080654865435
"3";9,14518185306472;10,7618491280172;6,96249260212751;10,3234544535083;8,2831901469386;9,3583125186169;11,5521049420048;9,66293767096925;8,66265162439366;8,20956904205975;9,67873757192501;9,61112921871788;10,0562595802872;10,1336226897475;-0,0399366260209399;-0,0774981077911685;0,0281641526087787;-0,090708401345794;-0,0265445933529377;-0,0516434554367555;0,0241703150645612;-0,0941558807518797;-0,0334967878824987;0,0826132390845676;0,03888248255166;0,0433512404980428;-0,00605654291807674;0,0610333850089896;0,00978662240247574;-0,00811180336192033;0,0187225702137148;-0,027310574833879;0,0108130955661078;0,00976632106967162;0,000700096459819309;0,00307307579871815;0,00284628561204587;0,0157560918276196;-0,00115687610636322;0,00209045648926007;0,00449041354063134;0,00190057111812794
"4";9,19055093985261;10,7243608845364;6,99987161850171;10,2601164710423;8,29735226365168;9,36025754160762;11,5404672469778;9,66760321971478;8,64470949412456;8,218303973292;9,65080447730588;9,60176311177928;10,0568691272069;10,1324758907176;0,129783759688944;-0,10035206443217;0,0360546566703969;-0,131427288305266;-0,0203595788041335;-0,0581873679479651;0,0120709720420309;-0,0835183901849838;-0,0539546953565238;0,0702523791099499;-0,012326235730334;0,0291860991580308;-0,0106263987768576;0,0545787024709101;-0,00230929087767736;-0,000628318062379904;0,0196831321106646;-0,0182223013669097;0,01073902267945;0,0161194915791372;0,00714684941493124;-0,000152138177243675;0,0135605519019771;0,0170855545790046;0,011809376021778;0,00977606033026977;0,00752166088105604;0,00237541120360653
"5";9,14741500844393;10,7368285722959;7,02479959695515;10,2515340451279;8,31023387482116;9,38955278521218;11,5553132988883;9,66393134070396;8,67240277920288;8,23408395203749;9,69475870526092;9,61937651353345;10,0677325268911;10,1348866067466;-0,0326632617487218;-0,0649933606188952;0,0298026421298115;-0,0708390100500752;-0,0153181691623087;-0,0417854871301062;0,0187276736532423;-0,0793343634043027;-0,0347729922991962;0,0653271589151311;0,0361613275801674;0,0335085739323302;-0,00770624397493458;0,0516943418330815;-0,00159155795601067;-0,00170705206095331;0,0184687033397374;-0,0148991635341029;0,00938409570209239;0,0142089441011847;0,00725778362828399;-0,00102246720038944;0,0131855443106535;0,0185708731511601;0,0087927920631938;0,00992522798217134;0,00812056401660453;0,00313328667890387
"6";9,13503457384851;10,7359005495959;7,04192876555584;10,2462395600068;8,31760409031003;9,40332834032709;11,5630737255707;9,66445499594653;8,69246648091402;8,25790208678536;9,70538398587207;9,62951704455933;10,0766630908316;10,1361522732769;-0,052751470751172;-0,0589720713925048;0,0211830147398555;-0,0655486235879729;-0,0157830602736153;-0,0389277932959632;0,0186894566758135;-0,0711488221859755;-0,0243010209456319;0,0676070956637658;0,0228801991421053;0,0307358470572859;-0,00789985986152619;0,0476711844092284;0,00196175215488317;-0,00383378300407644;0,0182558147765052;-0,0161272412311088;0,00933172786519423;0,0127739574460373;0,00652728153411061;-0,00172894636766659;0,00827269167064138;0,0167994690621401;0,00431526647890731;0,0106729265184979;0,00764180948725001;0,00535089897040532
"7";9,13367852791045;10,7345659437093;7,07124934781653;10,2316324643659;8,33172272222281;9,42226935354158;11,5707971584867;9,66536322227758;8,69923537840213;8,26475444640502;9,7076407217784;9,64102105111195;10,0849723318995;10,1410103515487;-0,010645556306979;-0,0467357735500749;0,0286773490674482;-0,0475401978441497;-0,00950063717931752;-0,0292694377090295;0,0186615563529569;-0,0612334929941719;-0,0242894902340419;0,0537420188796568;0,0200850442594265;0,0292279057615866;-0,00798205608114911;0,0446260435787987;0,00693853471748289;-0,0075752536382489;0,0132349830406085;-0,0193446337427454;0,00622330045963025;0,00810256704917198;0,00551528249244256;-0,00547884550662133;0,00485001205569162;0,0212571174491951;0,00119550116025574;0,0105803766549664;0,00736000068769237;0,00792586683896438
"8";9,15795394666637;10,7263315354709;7,07827724373559;10,208332455467;8,34060044961725;9,4324178620047;11,5786416706874;9,66187745323941;8,70929260186259;8,29830582977067;9,70791209073931;9,65566613828716;10,0995493902569;10,1498683538364;0,0481686495494922;-0,0394988344079452;0,0166416988217386;-0,0397186128551419;-0,00574608192537524;-0,0243050956239908;0,0208216051007761;-0,0540276502761886;-0,0157601157079403;0,0639056032918335;0,0182712114814334;0,0305466175628952;-0,00151145867252636;0,0435075689996189;0,00645739572317785;-0,0110564865219566;0,010711973887993;-0,0203040000138179;0,00217201353278085;0,00153616768950634;0,00253481217395864;-0,0103586235666872;-0,00333311615641144;0,0176490978897182;-0,00109856611383718;0,00664131910433856;0,000142326991716222;0,00958877123113709
"9";9,14618850645284;10,7107073205996;7,08951049192056;10,1799603706931;8,33982866799687;9,43159094744985;11,5742389881974;9,64310933252201;8,68760838070298;8,29953967010478;9,70003258886143;9,65763490764693;10,0858100874273;10,1602219066839;-0,0502339359653821;-0,0385260956629986;0,0153292181618316;-0,0402881676180227;-0,00745270492039473;-0,0247445209573007;0,0128290097414068;-0,0574469530037847;-0,0343597881250088;0,0441384197104258;0,00913401965687525;0,0240263398529997;-0,0159990569563362;0,0424418993893695;0,0107962906465432;-0,0110567621873905;0,00792400606992208;-0,0157860538825608;-0,000113733580314839;-0,00291248630851466;0,0057992474360435;-0,00780748208323623;0,00316038297329739;0,0250148778327164;0,000129050249280069;0,00789824321124477;0,00540249379735893;0,0099877695626323
"10";9,17506268467382;10,7020719287222;7,10782899504108;10,1717473247636;8,33522584974526;9,43062386376419;11,5834125273363;9,64313933668844;8,70745666543497;8,31016459301351;9,70066190947846;9,66726795437832;10,0987156758903;10,1706602012592;0,0280581854865715;-0,0291381016481338;0,0244883195434179;-0,026657937771469;-0,0103480963302942;-0,0194628413063099;0,0165333175508097;-0,0453625407891005;-0,0143193102237793;0,0254835947645653;0,0116243732263187;0,0236755964142075;-0,00920924263580083;0,0405690950099517;0,00956455786163185;-0,0134147127123595;0,000733337610077129;-0,0163366293074928;-0,000320693934195087;-0,00889031313429031;0,00544041686330443;-0,0119835453550717;-0,00300883621231208;0,041665755407621;0,0013446599633418;0,00761548732672053;0,00399763540799781;0,0102600204493188
"11";9,17608860118655;10,6876296815006;7,10120269480555;10,1549750702851;8,33539621867981;9,4168041306518;11,5903621069144;9,63009423703098;8,70784246652162;8,37963194282707;9,70278769397632;9,67366142657952;10,1025728167511;10,1812604291663;0,00298109046362795;-0,0258524719646196;0,0159804688149783;-0,0212346354577225;-0,00782854940268107;-0,0220933059654295;0,017747641419701;-0,0430958348399091;-0,00937462864411731;0,052818907467007;0,0117322723538666;0,0212445234795052;-0,00921727049886214;0,0392947634268444;0,0106421416289422;-0,0146057025584969;-0,00361279506377689;-0,016773183095265;-0,000748684336785249;-0,0122625874765606;0,00362718988865077;-0,0153520711605316;-0,0128318362178827;0,0404578787677362;0,00136824547315995;0,008775123261987;0,00258383350343248;0,00998220961078316
"12";9,18124807698583;10,6635181231254;7,09088847932392;10,1244778604721;8,33051573622658;9,39727358486441;11,5914664997541;9,60055219148655;8,6813960028102;8,42942110433802;9,70419979130751;9,68271226054508;10,1051101189214;10,1912738727946;-0,0247670378711829;-0,0312633016030675;0,00971105776314569;-0,0282332650511062;-0,0116367059381351;-0,0288561962150286;0,014655717121235;-0,0543025985446349;-0,0234340742725746;0,0589730495908588;0,0122733224706257;0,0207792908227861;-0,00964952669166705;0,0374974302364482;0,0126200968911059;-0,00921160682889368;-0,00433889361343321;-0,00831400439768633;0,00114861353590849;-0,0121815618322764;0,00481870529231879;-0,00632398409433603;-0,0121255450606376;0,032874772570164;0,00174022615775153;0,00883142304967323;0,00145629300634159;0,00970011749444323
"13";9,20179989596882;10,6549600982489;7,08490660573286;10,118334842509;8,32746394270544;9,37926964471447;11,5976640882532;9,59940156582032;8,66295096692803;8,46096802253239;9,7045726625784;9,69541040249488;10,1006308752859;10,2031248569252;0,00595270985316999;-0,0250182344407198;0,00990063783621694;-0,0198872369220685;-0,0156554738823554;-0,0336162172471263;0,015385749066433;-0,0462822927923368;-0,0305741475916612;0,0548722078593433;0,00992612155780967;0,0233708356104377;-0,0150508376412015;0,0378660332187757;0,0127841232045255;-0,00481449225615926;-0,00432608981001898;-0,00142297367156165;0,00588525136430516;-0,00725973748272559;0,00503801806184001;-0,00282335140331078;-0,00674656121518502;0,0261298817430163;0,00220399896834916;0,00504470917977587;0,00473669028116902;0,00776848698044942
"14";9,21578312201989;10,6505882918151;7,06401281859048;10,1197160820824;8,3420472098512;9,37334713752474;11,6019524047652;9,59894757887824;8,64602488047987;8,4847738993636;9,70602794537445;9,69778898161684;10,1073448437619;10,2107305969604;0,0013588200287184;-0,0229660965350839;-0,00552335295205778;-0,0151049012559796;-0,00531904755457514;-0,0299806030659608;0,0143869815991044;-0,0412817903550908;-0,0408177118987586;0,0507333139352211;0,0101879891435807;0,0192759674908852;-0,0134961484106794;0,0362158066522158;0,0125495738431806;-2,13694679935492e-05;0,00175286338010062;0,00386867755133575;0,00501729056627225;-0,00438113272530679;0,00563828835188034;-0,00122130612404718;0,00695328328152366;0,0207333789921576;0,0031476540221161;0,00432248338582864;0,00702906953652246;0,00676556182832252
"15";9,23020378662482;10,6502907737494;7,06079646893859;10,121666526301;8,34561935968395;9,36940235491358;11,605631726186;9,5931632771349;8,66038874318226;8,4790754670725;9,70831632701059;9,69981617143469;10,1146446916953;10,2166651104177;-0,0113403299829419;-0,0220153320142082;-0,00895032447329172;-0,0190083144434287;-0,00709610790213469;-0,0275786618745216;0,0118590409593561;-0,0436806429433068;-0,0319585376554199;0,021276265188323;0,00855922439589961;0,0153899742519001;-0,0135956097131228;0,0340446234358442;0,0119527736934902;0,00559065058181257;0,0105923766863658;0,0104220834586955;0,00541452915873503;-0,00116226634183595;0,00787807360570276;0,00504017504187466;0,0142217920494037;0,0340291676810224;0,00434470261197305;0,00541225618500128;0,00879500981464238;0,00571895275864145
"16";9,24777440837208;10,6616774524755;7,07537720713691;10,1433989519868;8,34769049497405;9,37257967064301;11,6138854007051;9,60286530787083;8,68886317041266;8,52172229976857;9,71217412935293;9,70143541583221;10,1255217466646;10,2216926188872;0,0123829379235562;-0,0140841922867735;-0,00490202767112884;-0,00991060501631794;-0,00988543511619556;-0,0228545175971458;0,0126268662979514;-0,0373679224081105;-0,0149858128620403;0,0281060095323867;0,00513152662402363;0,0106373476644715;-0,0108057841344844;0,0321916001143344;0,00890032568900889;0,00652007228989644;0,0165299032809946;0,0112032948288071;0,00734030189804309;-0,000352401595048998;0,00974975507853537;0,00738080369644326;0,0106252248807583;0,0417705762505182;0,00616892902118042;0,0104301764631312;0,00840759120649964;0,00554898619765156
"17";9,25261421468284;10,6674631984898;7,09595420096461;10,1602302638236;8,36661991570689;9,36713968221868;11,6268955270188;9,61599316125806;8,70037675098112;8,58017241842781;9,72400399503223;9,71364910641725;10,1386730012859;10,2262784964403;0,00720618250437922;-0,0153252156707125;-0,00484126903141983;-0,00707002133972851;0,00254052187475547;-0,0271073106146245;0,0159361082699387;-0,0298132773210667;-0,0134540707260539;0,0433135418268443;0,0125357306057283;0,0114997045209267;-0,00545933683844778;0,0296920720024202;0,00668007840897619;0,0082915352465209;0,0218911275239131;0,00852950518867974;0,00305425179797866;0,00336078478284284;0,00859095246986387;0,00551289764506434;0,00729201710372656;0,0386829264240433;0,0047662327994243;0,013468466789055;0,00337301834500131;0,0059416239202726
"18";9,25194728760986;10,6789501370454;7,12217385401034;10,1675589363374;8,36863482462064;9,37614936771823;11,6340887474494;9,61281816829266;8,70837518676731;8,62417666722274;9,72743275400313;9,7289670614882;10,1384607730956;10,2314070141082;-0,00285406495568784;-0,0103668968583608;-0,00373616135534265;-0,00651437589289677;0,00121945316124822;-0,0188540663103693;0,0142056568854502;-0,0372274967193921;-0,0117661753680333;0,046585963780808;0,00855501872811699;0,0125868681626253;-0,00903797959366523;0,0274486557320011;0,00679581263489038;0,00794881957937841;0,0263971347145965;0,00673849356988074;-0,000588737203903579;0,00339661432017049;0,00902917321704202;0,0110519483672444;0,00300152349102933;0,0315970538100496;0,00320141152966372;0,015210205551263;0,00196084179347095;0,00781904851687434
"19";9,25180529936214;10,6898514129811;7,15940578584872;10,1711523864471;8,36640776700129;9,38300368729382;11,6453438533171;9,63002624942173;8,70628145623012;8,66033439118981;9,72956057095337;9,7479367247499;10,140228346361;10,2399020234817;-0,0114627714918695;-0,00771150994245591;0,00114453548391618;-0,00973117327813343;-0,000261830531079127;-0,0125475281063137;0,0155478324971177;-0,028633667477308;-0,0168322272525444;0,049799041846935;0,00733933784995142;0,0155619037564883;-0,00930692737173424;0,0269213163992426;0,00905880737390143;0,00525865415186554;0,0258189794375969;0,0070832933435021;-0,00303243584965254;0,000791458463185897;0,00751849548831431;0,0109307566935596;0,00236202727555043;0,0221128115859233;0,00330486093883021;0,013321693013068;0,0010641442191774;0,00915413206438942
"20";9,25846024614122;10,6994834724869;7,21409355611059;10,1865536384001;8,37229678304691;9,38204183056249;11,6548963044953;9,65102591767884;8,70861968828464;8,67101840093175;9,73336809195579;9,76800979456455;10,1408954428864;10,2500561909546;-0,010587851153138;-0,00220348784018254;0,0324554116083678;-0,00250460171318341;0,0103294201790525;-0,0131275425601108;0,017265152318961;-0,0161435500937491;-0,016516347639174;0,0365340825010408;0,00858316149363314;0,0212910758794718;-0,00960139881756658;0,0266365537162928;0,012437242063748;-0,000774160820149192;0,0134714379930754;0,00248716186021805;-0,0108834341715767;-0,00171331870903636;0,00465960446272718;0,00230986684655898;0,00147725314690709;0,0191685965266119;0,0031373452850762;0,00558702422182019;-4,01156735784566e-05;0,00974582299054724
"21";9,27530195817132;10,6988411381425;7,18899492694742;10,1926819584776;8,36452797069694;9,38428705001751;11,6543515932169;9,64992659894827;8,70730080757486;8,68950642201835;9,73359810287974;9,76237091226897;10,1340397510615;10,2603977348402;0,00691938753023217;3,06957494630529e-05;-0,0103249752006828;0,00185796947357909;0,0148224985825923;-0,00741833989059993;0,0116937313590779;-0,0171499588941715;-0,0195504187278419;0,0345464305198434;0,00300991684113439;0,00957175426501911;-0,0164947194120049;0,0263540092852355;0,0148726769331437;-0,00691811665373125;0,0170895139325529;-0,00392837867719596;-0,020701281000024;-0,00661617385244374;0,00605438728802762;-0,00294028767315259;0,0027078684853826;0,0173880583699839;0,00512755783565735;0,00820979291667586;0,00473196134517171;0,00946430709389027
"22";9,28903940094026;10,6831994583456;7,2025902622425;10,1784160487022;8,33724925769151;9,3719724729392;11,6641126559775;9,64468338196321;8,70923675629895;8,7069021126054;9,73868742723818;9,77274866555065;10,1469410184109;10,2702171072304;-0,0117652497074076;-0,00563574359296498;-0,00711638132417614;-0,00442194851540683;0,011314360639577;-0,0123356455385201;0,0146468333536055;-0,0188726342726019;-0,0192295656523043;0,0342766172778941;0,00344747443885711;0,010996223576038;-0,00850808242413752;0,0259877897921404;0,0177783000307309;-0,00702483258376041;0,0224088381322333;-0,00457512433273135;-0,0275209527183135;-0,00836988612517159;0,00485460771897584;-0,00650892706117875;0,00433993635936783;0,0149481294590101;0,00682662449564402;0,00818686306921662;0,00249604578045911;0,00883688472633408
"23";9,30788788807336;10,6651701738541;7,22167787622648;10,1648174098423;8,25982922758429;9,34963659621311;11,6664931299488;9,6365793702482;8,71179864090457;8,71776074852113;9,74683868672567;9,78063214226671;10,1417140902087;10,2796105833242;-0,00486690189807332;-0,0119904585329968;-0,0121490739008116;-0,00753636195423536;-0,0402009461217731;-0,0266876052071978;0,0123935926809249;-0,0201886652861101;-0,0203534706059672;0,0286632133499298;0,00410700344839089;0,00973215808157708;-0,0164324462283874;0,0253313649360526;0,0187032274689529;0,000420287096879984;0,0283164484065295;0,000542149326830614;-0,00724354187180543;-0,00126367682996964;0,00568412556130962;-0,00854420541838525;0,00738200739405948;0,0150950111998794;0,00769085435951657;0,00855358215080641;0,00667696759594487;0,00793356488439371
"24";9,33280977007889;10,6622289798302;7,25675888285006;10,1661904023162;8,24989925094062;9,34232616204841;11,6709825169713;9,62439610860518;8,72209577786623;8,73046918611826;9,7588695152326;9,7897736795136;10,1465795175804;10,2864778452836;0,0236448517743917;-0,0156762181837087;-0,00779816380443575;-0,0054321527037871;-0,0413768934047488;-0,0317346765597332;0,0112052839116832;-0,0235365296729902;-0,0167126387948241;0,0258201101930961;0,00700957256922538;0,00945391874577024;-0,0179028968819695;0,0234709498865424;0,0192490156361218;0,0103724783674858;0,0322997931242328;0,00494605561271776;0,0136503931083529;0,00993747373541006;0,00768166090172315;-0,0070985896211135;0,00873891276514834;0,0172445110390292;0,00722808032122777;0,00859638112837282;0,0123061703162089;0,00767978311419794
"25";9,34414162240883;10,6870669024617;7,31311367365448;10,1769926695088;8,29079889798355;9,36977430083564;11,6814228544318;9,61244866603244;8,74043920738407;8,75719765860018;9,76895342445655;9,79611453561291;10,1686278171493;10,2945666298203;-0,0193769322378056;-0,00184956595474361;0,012554775291211;-0,00191497411977165;-0,0142414133115318;-0,012713756196276;0,0133185063016114;-0,0268197163249483;-0,00671135079079926;0,0350389313796254;0,00853805612553499;0,00641507653584543;-0,00825209295688942;0,0228419075272068;0,022293940436222;0,0099762766922297;0,0252703909024876;0,00555946019117254;0,0212427043189967;0,00930091973621795;0,00736335671717379;-0,00130667980685889;0,002958767609191;0,0118905186759599;0,00523243852134806;0,0115584402181615;0,00937220962096534;0,00767778077413115
"26";9,36941840395137;10,7024655671922;7,34397675958881;10,1838134378944;8,33882152617952;9,39111200700033;11,6887866349495;9,61622659113792;8,7361893501179;8,75952404806343;9,77386032875449;9,80876592582689;10,1772323609984;10,3024862870949;-0,0243270529953623;0,00301310783636314;0,015569409145067;0,00122462583807712;0,0131058668933507;0,00108688105901907;0,0130411304597809;-0,0199387623545211;-0,0141085943478783;0,0231687452126727;0,00670347945741885;0,00719889423622139;-0,00894409778086904;0,0224471896626163;0,0241097102772316;0,00660224065655525;0,0162495701873268;0,00658064232970855;0,0142070806553851;0,000813538769545145;0,00706733487660644;-0,000429143670057209;0,00266047830739323;0,0136959255204165;0,00229273515339167;0,0124634874240307;0,00685506808851731;0,00695942403615265
"27";9,40723754248376;10,7054086095099;7,35130944641115;10,191858108918;8,34388216006962;9,38783850220792;11,6982540964145;9,62010641051595;8,74814977243263;8,77912745948714;9,78125615222538;9,82197332862562;10,1823361613078;10,3081057622042;0,0107747290492166;-0,00418999176719791;0,00646894042167976;-0,00685245625885686;0,000938777293726093;-0,00315164052515056;0,0152207933792849;-0,0145620396850966;-0,00374718204653279;0,0286882415372681;0,0119539510770923;0,00716852404436779;-0,0107687166316761;0,020549539046547;0,0213120506179705;0,00547494210049787;0,0113420126216387;0,0067209571468595;0,0122574496797274;-0,00400896446479903;0,00486277234467983;-0,00371195056613492;-0,00502249811399319;0,0117874983417282;-0,00240749469990584;0,0133422276005755;0,00581059675797438;0,00731675314260043
"28";9,43557701820998;10,7205460031357;7,35615834810174;10,2069167656858;8,35718237683678;9,40181796069369;11,7037602117527;9,61118708086555;8,73883817481543;8,79531083634662;9,7793173696714;9,8381975409915;10,1914327077837;10,3145963817915;0,00701225187992399;0,0113972653111291;0,00297355247770905;0,0168304492997291;0,00151057093557063;0,0165712206060296;0,0152956874762005;-0,0198570759487387;-0,00909507749149116;0,0321207578611806;0,01768201018685;0,00999832909540928;-0,00683755036538939;0,0191312599982968;0,0161348969420161;-0,00233629809671202;0,00899353012250214;0,00155297834087232;0,0102305642187294;-0,0204891662573908;0,002345295738882;-0,00225196343397507;-0,00951537937005547;0,00734945556181233;-0,00740974109532564;0,0121559715343434;0,000867821977693194;0,0085960956598048
"29";9,45485655899968;10,6996275404869;7,34997408602785;10,1755633851567;8,3696447461685;9,35760191368909;11,7019544126207;9,6072947202995;8,70407710453951;8,79653475975126;9,75271680866889;9,85541579707258;10,1910291482042;10,3224849366159;0,0115310233504554;-0,00796724141822341;-0,00920068065569177;-0,0219452992351942;0,00523891348961893;-0,00874735016339153;0,0106925605196552;-0,0211894258862015;-0,0368455413701171;0,0251228915418244;-0,00473462810876345;0,0145096259377338;-0,00756921883212602;0,0176722930971308;0,0103148363688101;0,00251505021071752;0,0127202056488736;0,0165611380623585;0,00600423519776382;-0,0221731584124575;0,00343846932553446;0,000777882863688461;0,00609896191871116;0,00631078905625217;-0,0026376130343949;0,00572931395269666;-0,00288364550572564;0,0108945668849242
"30";9,45994283424723;10,6983219595919;7,3608892016765;10,2093039008394;8,36190380138816;9,30560979259188;11,7021897828716;9,60431149039915;8,72283229087379;8,8036351702619;9,74163235237803;9,85693896835316;10,1791887500108;10,334679186625;0,00885928202159328;-0,00950472368106259;-0,00991247667124914;-7,85875039360641e-05;-0,0101478428953542;-0,0407260076519144;0,00704838226141571;-0,0254777634965653;-0,0231069628358472;0,0263385930561023;-0,0115609458249869;0,00916044765845327;-0,0164364836494624;0,018664679455923;0,00657869688734259;0,0111475995222558;0,0168884699489674;0,0214500956959012;0,0102640551967895;-0,00474941848553628;0,00710027166192689;0,00788752329851966;0,0116063516039707;0,00484950511558527;0,0055734389002384;0,00366466996954613;0,00160140532940625;0,0109178154856675
"31";9,45411320616373;10,7175213784096;7,38804530189992;10,2498593431726;8,37845008642481;9,29838540495512;11,7107703107955;9,60715686279458;8,74241095137833;8,80413674532526;9,758186871534;9,85312570665602;10,1839526194751;10,3453485102443;-0,0199152621168562;-0,000988238492354574;-0,00574891972162085;0,0120746960668748;-0,00345988881270386;-0,0430824929766872;0,00813695717929685;-0,0300492808960323;-0,0138014449416506;0,0217367768041009;0,00189105230380101;0,000720741678551664;-0,0132189753845599;0,0176959158964228;0,00619745438563942;0,0139839835723568;0,0167761956153855;0,0152838265693328;0,0104246741586067;0,0136940128714419;0,00943873214440935;0,0193496060110137;0,0109163027146325;0,00631510229512366;0,00875623078353715;0,00857940584577232;0,00320542737920442;0,0120561801486407
"32";9,46015703639708;10,7324493098826;7,4507372396893;10,2518781335579;8,38506001374763;9,33232085389073;11,7201978810881;9,63790005930702;8,75454842097329;8,8065010876075;9,77161773481521;9,86012096484858;10,1836733940671;10,3575233556565;-0,00733293731245831;-0,000408730446722372;0,0494183016164729;-0,00597074073638759;-0,00701172570703759;-0,0212857268035564;0,00788172119437755;-0,0173451352879356;-0,0113216038925185;0,0175376944079428;0,0106257834509906;-0,00137463261537848;-0,0164181771344444;0,0170839784932782;0,00652454338098821;0,0158158748224427;-0,00307547700571619;0,0171614739274781;0,0130027911561519;0,0189748237398009;0,0119572726683964;0,0211226234493054;0,00911771312473569;0,0105156676086199;0,00887917718265671;0,0144614285013355;0,0077662992019643;0,0127573730385476
"33";9,46704754512006;10,7480515223152;7,38564127846493;10,2712620960254;8,39323981042424;9,3584089857874;11,7339841384055;9,66679563653487;8,76202548760743;8,81653636173963;9,76996655804789;9,87724681703635;10,1889078319849;10,3831538093571;-0,00132266630661322;-0,00142313778552441;-0,0206912092573225;0,005435149771969;-0,0120044164035728;-0,0140978402370217;0,0104649542806529;-0,0080464735568106;-0,0126436108807405;0,0167607502354282;-0,0171448735356528;0,000827387492767791;-0,0189782016356415;0,0292938084378396;0,00646629919651824;0,0175848996642107;0,00316082752810891;0,0174003768302423;0,0178487749195001;0,0202662571992388;0,0125659484507474;0,0166103967301026;0,00869698145248643;0,0147640663806384;0,0142016309724464;0,0182464780734045;0,0141805240475037;0,00170906048522108
"34";9,47759242745611;10,7717725843302;7,39230726372611;10,2891848671607;8,43052339421046;9,39151485326686;11,7488457486989;9,68045212498855;8,77133526465326;8,83546177105214;9,81061431988509;9,9005971306229;10,210612366895;10,370096255156;0,00991855013504153;0,0031273536015271;-0,00756840272470915;-0,0025284737512523;0,00822261800336843;-0,000418620414257978;0,0125359143328247;-0,0106681183362782;-0,0120322439135523;0,0203445995384865;0,0354083886925754;0,00567750562986507;-0,0109490080912225;0,0135148449188584;0,00495073602666019;0,0157822335821019;0,00796281414457041;0,0172478490142667;0,0125958916536236;0,0148591500359868;0,0113838657314792;0,0146880075579853;0,00900032171166758;0,0158279431482282;0,00621318365760733;0,018045682354247;0,0139796717787381;0,00528691668673441
"35";9,4809791889488;10,7944468170313;7,40513989455651;10,3177872792913;8,43937325893798;9,41820128361972;11,7594524697368;9,69920872890313;8,77767226727125;8,85355132205361;9,7850635873164;9,92370924390413;10,2246811506054;10,3788151269895;-0,00134789871817048;0,00908154124805086;-0,0052933287462835;0,00848378359357482;0,00275169132049812;0,0114705496974998;0,0116846399020717;-0,00583052649847241;-0,0144323416253043;0,0219954724581677;-0,0216187599602125;0,0110467837605279;-0,0108779095897907;0,015953795709036;0,00386150206238565;0,00950071143865183;0,00996176766296704;0,0110271251057179;0,00969781713910047;0,00151682252583744;0,0107815146455173;0,00902626460173516;0,0109378294623246;0,0160280312577758;0,0135473732787801;0,0121267825599871;0,0138476159056985;0,00563587450574821
"36";9,48243093777779;10,8000424661506;7,41629307275536;10,3257653668117;8,44751679447112;9,40703660517464;11,773226913925;9,70365997815404;8,79167487640715;8,87470388471287;9,81084517665221;9,93354171093556;10,2448151594292;10,3855050516142;-0,0157084822760008;0,00595385202514727;-0,00116063093066759;0,00680903009813305;0,00207998675986695;-0,00182169495888365;0,0141486425953157;-0,0103558768267752;-0,0115413904351226;0,0268434707140088;0,00665386484797181;0,00836680709273049;-0,00462592695210219;0,0163726636340164;0,00396182788214849;0,00589709294728914;0,0122293239230912;0,0052098646387162;0,00769268690970098;-0,00289735537527894;0,00844051071922973;0,00742333928843873;0,0102078436524044;0,0129302165850219;0,0155304056743113;0,00901211366043015;0,00835970947712265;0,00512444411833492
"37";9,48968789284814;10,8018686997497;7,41653659981659;10,3224538598569;8,45079167549568;9,39364413830191;11,7773073360406;9,70591110387334;8,80597652211159;8,88425039989453;9,82938133329404;9,93883532556057;10,2444730416813;10,3897860004936;0,00856735896449922;0,00108473984242292;-0,0181915626468425;-0,00449654653780911;-0,00232323610631948;-0,0116433551391021;0,00978916395624257;-0,0151695037263213;-0,00725881748420767;0,0223735732836631;0,00409742578771902;0,00396138724199648;-0,0133383133084662;0,0151403473965834;0,00275778204403459;0,005371193796746;0,0191399805317852;0,00546679005667395;0,00818510552168189;-0,00140542279640693;0,0101626738976191;0,0111051901310886;0,00608545348949324;0,011902447307843;0,0157982954215064;0,00902095587542883;0,0113708816717174;0,00499683566865455
"38";9,49115813881416;10,813325290487;7,46389956195798;10,3355333714299;8,46071624525954;9,40127044051412;11,7897866155356;9,72429516750602;8,80861868795726;8,90124532976041;9,84408699540638;9,94618081352947;10,2602551581432;10,3942729749727;0,0215117231891634;0,0111749906590182;0,0130044789178206;0,0119921045723932;0,000144173871148438;-0,00236962322061556;0,0114253872931368;-0,00740099529383941;-0,0107499609193383;0,0281158924875521;0,00364446106576877;0,00161119794291598;-0,00879803045049908;0,0146665548629217;0,00200904947775944;0,00030804673853774;0,0146273686962622;0,000103689224662211;0,00695494124026509;-0,00607203398149681;0,00927816141084492;0,00753718242384204;0,00443024168321024;0,00688617957069061;0,0171273280992059;0,0107124409336187;0,0103638698412193;0,00516564245021656
"39";9,47845835319132;10,7981521425026;7,46893546064225;10,3213626638883;8,46474418405069;9,37616241708848;11,7975485190092;9,72498205321451;8,80787940698228;8,9047233446343;9,85878327209318;9,95619996068069;10,2714341552192;10,3975001872301;-0,0221030125280799;-0,006290519279091;-0,0021772399820098;-0,00570500490270692;-0,00322410194934132;-0,0219597169185659;0,00964830879464005;-0,0140354378870526;-0,0164240852876038;0,0241544634747074;0,000237935563578365;0,00122819029942996;-0,00777263225926647;0,0129290323747147;0,00555154068772805;0,0060334803622478;0,0145383834368622;0,00329976368737132;0,00826981162258202;0,00200951309019896;0,0097884450986348;0,00967993517609433;0,0073812374566733;0,00419327436243657;0,019922423490344;0,012477356270202;0,00871809301310887;0,0068784536869091
"40";9,48310444051697;10,8105807507831;7,48449797541023;10,3285016631127;8,47097382463321;9,38815521181078;11,8050057874226;9,73389324719358;8,81768751317787;8,90712825168137;9,8744272750465;9,97302476789853;10,278213680273;10,4005039417928;-0,014074054254042;0,00333967667196437;0,000267384696249475;0,00242075981595307;-0,00465888611480582;-0,010618877192997;0,00751111478719683;-0,0142869741199149;-0,0132076057352071;0,0222199938282523;-0,00774567818437867;0,00478755679884657;-0,00938142823642622;0,00924706270862446;0,0100436401301225;0,0062719301099665;0,0136854065167039;0,00348522484359095;0,0100472308316498;0,00253417880390602;0,0118184492151368;0,0127638405944226;0,00826756303998872;0,00298110537051235;0,0239885627886363;0,00993167166363057;0,00831751726658263;0,012232997153713
"41";9,50102628803052;10,8202186991051;7,50161403863303;10,3348094551941;8,48190200439182;9,39189895115942;11,8205099235045;9,75312822926999;8,83040624192449;8,90298477381898;9,9095158811912;9,97703157913548;10,285121093176;10,4226377971254;0,00415006704304763;0,00784504762410272;0,00482133307065472;0,00684015016042471;-0,00417965160450605;-0,00833887668219894;0,0104682377945957;-0,00781597796831303;-0,00753600079752384;0,0148114116682999;0,00766996294651061;-0,00115487522539221;-0,0106210052862032;0,0180644543144351;0,0124812825255806;0,00378159070465165;0,011480974610811;0,00280015271343523;0,0120708378320038;0,0026330740805975;0,0109489460949381;0,0107510906064877;0,00573766678389667;0,00651681382460443;0,0223820459521663;0,0132090629358548;0,00919827523323123;0,00852831397672953
"42";9,51946947241895;10,811185159704;7,50445804846299;10,3241124757867;8,49244735174736;9,38163511836122;11,8296726885804;9,75552533979545;8,82930702996089;8,90533169448315;9,93618386869559;9,99194750366964;10,2944458803431;10,4282920520202;-0,00773647277261841;-0,00575543049135746;-0,00391028454504349;-0,00564600705243688;-0,006209574857701;-0,0210856960448905;0,00859458079560471;-0,016109435525101;-0,0150290066018028;0,00939647071505978;0,0129456951806647;0,000500948901327807;-0,0104320114266572;0,0145471622586868;0,0129159763273384;0,0109323147118233;0,0135043355007116;0,0101873733058306;0,0140986616833509;0,0107728253331934;0,0118989533627993;0,0159872908959272;0,007487367630653;0,0128132635623594;0,018682469309788;0,0151602749741091;0,0101267448113459;0,00746050749426865
"43";9,54258277471058;10,8248863336318;7,52089180903516;10,3364294543193;8,51444215728191;9,39472217264329;11,8417004615349;9,77273870200705;8,83400872754331;8,93192941160951;9,93944314654394;10,0093253936748;10,3054589618464;10,4345546698165;0,0164849075822931;-0,00223495624909808;-0,00131404678467087;-0,00243807658877906;0,0022757894421947;-0,0187693294040093;0,00901570128347279;-0,0154677540855832;-0,0177180434553193;0,0239878392974953;-0,000205203874165314;0,00336679135693134;-0,00960872628603699;0,0131945013797893;0,0108442898599374;0,0159983077904165;0,0136758198821445;0,0147883164432363;0,0126419591339255;0,0169614350629011;0,0122725446448294;0,0204001705659836;0,01131948751812;0,00964069848656416;0,0227023917723223;0,0149366561353564;0,0101358901984958;0,0071819430236757
"44";9,54909568143652;10,8494784791834;7,54560110435662;10,3608099726321;8,52170082832624;9,41583667642458;11,8512048410116;9,79833359997196;8,84828174751228;8,92788236941717;9,94298053038365;10,0243303336911;10,3173280530831;10,4422967492863;0,0136087797625926;0,00607136295993993;0,00972462446724093;0,00731531440903892;-0,00344380381384736;-0,0136317656060313;0,00624237661455776;-0,00957756861766591;-0,0139749522778483;0,00841949424322383;-0,0293275493233916;0,00341685701105455;-0,00792270628212442;0,0135534804254426;0,00978046626260569;0,0149528215952647;0,00887241801193434;0,0143894569493379;0,0132340516806939;0,0211191050214762;0,0152479270496705;0,0199160880282663;0,0132329054416367;0,0166114698140089;0,0364963802719112;0,01400623730181;0,00904893526581859;0,00714166621629062
"45";9,55269678711398;10,8645793485437;7,54748875986635;10,3714699032059;8,53934157978284;9,446858911971;11,8723327855711;9,8197145921026;8,86398906297377;8,95400798779671;10,0049419112876;10,0401086667275;10,3282429821338;10,4528753337066;-0,00740698522179309;0,00324385384555682;0,0014411473025839;-0,00313552392618644;3,97216379815064e-05;-0,0026195870947453;0,0124324750514775;-0,00722413408697177;-0,011734767242641;0,0188134766510324;0,00912976667444756;0,00494607658860738;-0,00619240298767856;0,0165775749965547;0,010551862743662;0,0133466493047323;0,007004340137739;0,0160579045174689;0,0125790153668095;0,0183420202115333;0,0129813710293762;0,0179957887995659;0,0130501039474547;0,0159441089436354;0,0368517824665568;0,0119545104700106;0,00686904506002005;0,00324290680036754
"46";9,55551930209301;10,8801202321804;7,55367396013746;10,3949353039025;8,55805819925882;9,46938484935656;11,8845374086068;9,83842038083477;8,87621133549;8,96631940410768;10,0459708891322;10,0535130850986;10,3313199069614;10,4534477836501;-0,0349694930132257;0,00687112914943376;0,00304956583974694;0,00619324078044435;0,00664614659712635;0,00228061663606153;0,0114960403889504;-0,00633693256899296;-0,0132554679730259;0,0152253574614877;0,00572522987129417;0,00630511198069455;-0,00893440054984305;0,0136687679526511;0,0132433150047724;0,0106767403992327;0,00543369814534024;0,0141153050290191;0,0090172300652819;0,0128429006975388;0,011960838874094;0,0156529360428034;0,0140978867150499;0,0176325246520836;0,0357994787188;0,00896679287361921;0,00751366829307832;0,00233546733165602
"47";9,58223096231191;10,8878387080933;7,54709190233678;10,4086977047605;8,56180071726359;9,47819199272079;11,8942723459178;9,84949507324128;8,8826020504174;8,98151400878135;10,0786920843038;10,0618935401405;10,3355241872466;10,4552592310949;0,0200439378335669;0,00342704642872486;-0,0091941705638256;0,00217939966181562;0,000653282328304829;-0,00306997273038665;0,009169453734825;-0,0101475493887366;-0,0216080682299677;0,0123595696502393;-0,00164067407903797;0,00555426871696245;-0,0121509992116201;0,0133004041649789;0,0119363927260872;0,0105211507435983;0,00926077121180518;0,012078683968341;0,00767047374896355;0,0111811481873318;0,012952863866223;0,0166793860568858;0,0208601772693073;0,0213068047967323;0,0356334179634899;0,00624844072183873;0,0109401488952604;0,00147313098085046
"48";9,59654562535759;10,8990976457386;7,55832754072282;10,4208661669792;8,56987947081605;9,48403071123232;11,9087824700085;9,87022262578115;8,91564111690434;9,00754893565636;10,1211916837413;10,0667066146346;10,3478725461057;10,4555660504322;0,00477655867992463;0,00313463948898999;-0,00725099319863562;-0,000384546696037649;0,00114698587435137;-0,00925146408652171;0,0103266486553944;-0,00577867462073965;-0,00835385503706883;0,0161470447553066;0,00573253913219999;0,00407174748792708;-0,0105617882643412;0,0118885883375526;0,00978656157025605;0,00988167699276628;0,010659844163028;0,0100831696904604;0,00559283609908143;0,0128548377480313;0,0129705280154033;0,0142868921530805;0,0181356254211603;0,0221679317792655;0,0325507143346253;0,00427631852646953;0,0130435332033974;0,00240158015139117
"49";9,60787269677523;10,9152387302418;7,58714060387486;10,4427486061096;8,57265134652145;9,49815127986315;11,9234242958422;9,88780809706142;8,94203898250559;9,03792101923547;10,1570028785316;10,0693516335752;10,3649145041913;10,4556839069624;-0,0161039888446203;0,00952275412729491;0,011452688291508;0,00828451475857336;-0,00192753508035147;-0,00747789771138942;0,0121369598618676;-0,001327666991727;-4,69878995804071e-05;0,0234454548068369;0,00702458221934386;0,00225205734260779;-0,00638744481890536;0,00929647899858067;0,00713370755556298;0,00489756315631944;0,00455100932133225;0,00218191083056165;0,00543179032728723;0,0135734978085593;0,0110668898640601;0,00954284892348096;0,0100795995066196;0,0176846203080108;0,0277503921542794;0,00421899743468792;0,0115143812042874;0,00462183812589936
"50";9,62213783322451;10,9257213304297;7,5878909675599;10,4564131758417;8,57636036790729;9,51133730652826;11,9371220769781;9,90178067855733;8,95517949556753;9,05412531493831;10,1855482229607;10,0734629853394;10,3792883610392;10,4623752538124;0,005065567029363;0,0111694449371761;0,00395832747447873;0,00702355469708881;-0,0034550031055988;-0,00719940341798358;0,0149730814090752;0,00485367413234837;0,00348582222136867;0,0219533806781939;0,00863111674045757;0,00131695574605381;-0,0036724927434245;0,0105817136921801;0,00204046329554619;-0,00352549399309435;0,00132766685265736;-0,0127650537824264;0,00661963488288985;0,0145823574298014;0,00703696631129407;-0,000317848230094263;-0,00025075556008542;0,0146667317098125;0,0224127123503895;0,00444405080226661;0,00781117140868466;0,00534963373550146
"51";9,62499935070439;10,9300442989247;7,59642364042443;10,4532801779775;8,59209417968849;9,53580880129431;11,9466622959681;9,91029373470484;8,95763232628959;9,07225273425;10,2025411214151;10,0803044985053;10,3871494312719;10,4678047668406;0,0276558668592977;0,0235890179491237;0,0173416863007775;0,0265377635933148;0,00560936347140588;0,00370288876258821;0,0169871736396042;0,0129033727970627;0,00621362262156443;0,0247186730943491;0,00586662024830993;0,00254545689721628;-0,0043190966658084;0,0103380874494518;-0,00297437583808335;-0,0184311766656668;-0,005248784076497;-0,0337791028439393;0,00298984132130338;0,00881713833152168;0,000808504611926089;-0,0181016044460079;-0,0126488547888647;0,00885437243968286;0,0196246447768587;0,00262239502630762;0,00497604641870731;0,00643524740947704
"52";9,60716944004406;10,8824197807807;7,56121873509325;10,3712609292225;8,59405954665197;9,52594594921212;11,935568295572;9,86144320629434;8,9259432192062;9,0832782202168;10,2096680852746;10,07501274672;10,3851325793981;10,4732473750141;-0,000270598719157108;-0,00275851435200135;-0,0117934037649972;-0,0032654233887524;0,00426333233100714;-0,0165636010361751;0,00480133920814047;-0,0200932288037163;-0,0148379060874869;0,0275833637577238;-0,0103239661898186;-0,00572248648806497;-0,0115670600509767;0,00851784495608341;-0,00343601153594032;-0,0134551963234976;-0,000334800212820559;-0,0272283629249279;-0,000429803103254377;0,0149333815212886;0,00537523711014345;-0,00762269729265593;-0,0107896598199305;0,00123453691876383;0,0238329760765996;0,00842029551566504;0,00860140116731397;0,00864703269537261
"53";9,59131162624154;10,8489236189417;7,54927180942568;10,3072914848088;8,56914173393609;9,5285318265743;11,9411814595063;9,84162511579622;8,89938742116651;9,07099095798154;10,2412738959394;10,0885861385294;10,3973567382048;10,4853571851149;-0,0155387360078481;-0,016561973702502;-0,0180036697975958;-0,0208978805543309;-0,0210846125783041;-0,0293597276454347;0,00466981495491634;-0,0330544352054215;-0,0326203785693697;0,0137563640251799;0,00325070362384457;-0,000730635234795222;-0,00782511056712941;0,0116839817123874;0,000175037805576861;0,00525126406794531;0,00988044874420774;-0,000370357298253509;0,00929726745737915;0,0282054396644897;0,00997896385872299;0,0124360488198686;0,00389938929795067;0,00299635545751309;0,0231546916220638;0,00949197360460982;0,00800776512546865;0,00746012340558058
"54";9,5846379527984;10,8610077533499;7,56733246879053;10,3233144724838;8,59217792453857;9,56702740564695;11,9527291858128;9,86830582221459;8,90553321340904;9,07366363374505;10,2657172687934;10,0976529805879;10,4023348074543;10,4914614243005;-0,0138919185631723;-0,00892755583457458;-0,0098191184758907;-0,00335027432144771;-0,00666681000638113;-0,0186325607490571;0,00638266315521124;-0,0193740058566626;-0,0291521151765317;0,0133190252477882;0,0029253391410097;-0,00183560621138493;-0,0106642092802903;0,010235395160174;0,00563092038534813;0,0192744458517095;0,0163534793581398;0,0159051976065956;0,0126614088345712;0,0352049633620346;0,0124477154524997;0,0213192582741776;0,015639592513884;0,00501970362752773;0,0216112071318;0,0111913195875417;0,00942868201364677;0,00777391613038474
"55";9,59128375534136;10,8934736081779;7,58610315408684;10,3607494292538;8,60695136346698;9,61486481481042;11,9679095228479;9,89601653510658;8,9271495840954;9,07783459812602;10,2841509867093;10,1098691886844;10,4158809665437;10,4998455655449;-0,0129805067374679;-0,000774786201699897;-0,00941895894093942;-6,4775349155192e-05;-0,00497420263238211;-0,00560633802707394;0,00934838267547532;-0,0111423405540257;-0,0218956452023609;0,0115465660729343;-5,69414306873121e-05;-0,00109713573398438;-0,00668226976732497;0,011013454858495;0,0108605782885568;0,0232880804011229;0,0224428437500315;0,0208407173833608;0,013658096823817;0,0338237540553068;0,0125376229450523;0,0236111406441387;0,0229355356169822;0,00795337129783603;0,021704975373171;0,0119123706705829;0,00803352334431779;0,00731610779356835
"56";9,61453401759461;10,92912661115;7,61172150801421;10,3977157198538;8,6286175080489;9,65572399498322;11,9807599558448;9,92269032914735;8,95898074370041;9,08088513299873;10,304119930952;10,12328838974;10,4242293597383;10,509609594083;0,00507057161770234;0,00870573300974767;-0,0118364736181115;0,00875560295702806;0,00386305588069121;0,00411006597945888;0,00993938232388671;-0,00726097738218444;-0,0110102871909357;0,00648561435241716;-0,000457070680848627;0,000416014276746088;-0,00629446000560489;0,0132090198874659;0,0123067833094492;0,0202635901463213;0,0280029939789522;0,0165735560686629;0,0113418325872325;0,0271460305167948;0,0128139733483161;0,0233321915070091;0,023305102624806;0,0137782301205587;0,0216240903981231;0,0113827286157959;0,0067716081709799;0,0045938290019788
"57";9,63310990413246;10,9518625164351;7,6637634730695;10,415453276337;8,63288440560357;9,67781765273659;11,9946276681655;9,95329636659715;8,98859229250639;9,10071637730487;10,32576482976;10,1340199362564;10,426461470132;10,5109390887275;0,00379096992834694;0,00928206919248209;0,00907422283483788;0,00402229157103334;-0,00403428049441214;-0,00110372431053644;0,0112052372852049;0,000715155673071115;-0,00389704189837518;0,0124685948389271;-0,000310756020010396;-0,00028600451617269;-0,0115462703002097;0,00988441630725782;0,0115929080608894;0,015479121350484;0,0243169225505954;0,0121942782531606;0,0127575037453478;0,0243150272423822;0,0122187546565047;0,0171821644635415;0,0190012479163711;0,0155963701961432;0,0218408341837223;0,0113205360645706;0,00944339110156555;0,00526623363246703
"58";9,65003592730148;10,9665824696151;7,69281120450208;10,4268454013637;8,65228576560347;9,70775921182633;12,0065207048453;9,96620758691586;9,00730322849419;9,11967134265677;10,3480229149401;10,1471794860441;10,435890855254;10,5165588108823;0,0149546241683374;0,00796117147171529;0,00980714494078564;0,00563314276481052;0,00338215807954546;0,00364534248037295;0,0108507552087537;-0,00339936191461506;-0,00446254179327183;0,0161602224407654;-0,00245110345561408;0,000955968742244978;-0,0114897189380919;0,0102921858767456;0,0097963823111151;0,0121971639708982;0,0183159634867743;0,00963330286028399;0,0112899155850486;0,0178687178622364;0,0123915026454775;0,0147617822009764;0,0149525741765875;0,014964140285875;0,0215921919427953;0,00958517320645993;0,0118600359785244;0,00537747641198048
"59";9,65245590382468;10,974210837047;7,70895015357195;10,4313474529986;8,66114724008333;9,71220462460306;12,0204964850285;9,98217776472613;9,01904410783372;9,13518927650946;10,3756266220826;10,1571691200943;10,4495649579973;10,5222094372188;-0,0128431668423826;0,00297410488502035;0,005806021951172;0,000402414474941501;0,000258052486531478;-0,0109771378984712;0,0123774285037893;-0,00240047766589409;-0,00800618660897279;0,0166753958483442;0,00242201350620703;0,0012779891057586;-0,00919257836010022;0,0104976517571114;0,00934509236392884;0,0123830955777416;0,0132799946601943;0,00946519526776681;0,0112625999700443;0,0206999699947028;0,0105391058876343;0,0107337022899345;0,0132648045709432;0,013171663738539;0,0186138203320087;0,00740486049871894;0,0125622938482262;0,00586646261430759
"60";9,66178502903253;10,9886216736054;7,72267435908639;10,4426552341568;8,66934720189689;9,73849809908844;12,0307504064792;9,99224011541916;9,03244731385909;9,14295101529387;10,3989982877355;10,1649639832428;10,4637802727704;10,5288437429545;-0,00783949395446153;0,00525542808404117;0,00797435686363587;0,00327073579653276;-0,00209163095511886;-0,00473261973678001;0,012233313260618;-0,00286153732817936;-0,00901281111018112;0,0115601784004129;0,00738029230816147;0,00170893465602037;-0,00729553847271821;0,0110629343433973;0,00935100243746682;0,0110661157222318;0,00885209876115531;0,00810268683998169;0,0125015574675885;0,0197979946538493;0,00924712446778408;0,00743056729291107;0,0121823149407367;0,0157759525423462;0,0137629633962301;0,00543153326536359;0,011370739181567;0,00485950416958685
"61";9,67788712056942;11,0028406299845;7,72085011250933;10,4564954393802;8,67919589887017;9,7590961800643;12,039530932252;9,99934266869992;9,05023626208365;9,15925381501521;10,4073214611797;10,1689177881443;10,4752982453859;10,5343795083673;0,0025070742831878;0,00716620748611779;-0,00511453181724368;0,00385364438352701;-0,00625976289545227;-0,00454196291253702;0,0117845336815679;-0,00277291973444821;-0,00334251202716634;0,0124022430327007;-0,00122743150237372;0,000364992374224585;-0,00691252870536361;0,0114050774157557;0,00770178985306718;0,00790585389914704;0,00828061130525589;0,00273831241006029;0,0147979000966837;0,0193827959660806;0,00760273132482399;0,00478841051149136;0,00727716966310894;0,0175081051696889;0,0121550446069234;0,00430377983302349;0,0104762837684074;0,0038703976689986
"62";9,68708916533635;11,0138847983854;7,7362593802555;10,4649705618918;8,70650169351885;9,78134036762307;12,0479944982261;10,004449201034;9,0558672512846;9,18471354233171;10,4196172256181;10,1682969856547;10,4875637249169;10,5370785716001;-0,0160852334867739;0,0110804688944536;0,00360817624092681;0,0104198670642055;0,00718534699813178;-0,000434869329894111;0,0120074995440721;-0,00235104959550233;-0,00500352513147697;0,0204062498049184;-0,000329640154834355;-0,00434266096288294;-0,00450775351462808;0,0103404280560181;0,00544982422344361;0,00256317608138939;0,00450189321962478;-0,00568171264431539;0,0104441586680416;0,0164077513327916;0,00556654402492284;0,00150792619497379;0,00345800569318168;0,0147213217029462;0,0100728409460651;0,00691342536486025;0,0069496361982741;0,00365427210477834
"63";9,69644591843607;11,0122266149633;7,7403985940024;10,4476772222493;8,71609554653174;9,79673797770637;12,0510517387163;9,99801703930494;9,05328413236211;9,19594894445223;10,4322759512972;10,1753503341003;10,4920879835642;10,5401441325544;0,0253721010276653;0,00574805878707827;0,00142833048917306;0,00143091344400455;0,00508203763352313;-0,00169847889117772;0,00950327039243345;-0,0102759531014398;-0,0119095900586706;0,0161099984525968;0,00314855126013063;-0,00441962159299496;-0,00673291109794285;0,00926649939145323;0,00239214534204998;0,000348798530252897;0,0015777443357273;-0,00634791685096834;0,00617364971250206;0,0134633953455588;0,00576533156313395;0,00433763686550732;0,00504544729040601;0,0139280752847216;0,00697166221581137;0,00983215328795095;0,00587081882468671;0,00386277556460133
"64";9,69905491070107;11,0129996154017;7,74996295570074;10,4350817042513;8,72048673049074;9,81489697515027;12,055570369179;10,003656298249;9,05964697440125;9,20619805112202;10,437876324245;10,1845485681293;10,4932909486816;10,5436986804696;0,0649867458051004;0,00729531088973338;0,00978177161532632;-0,00192850188855534;0,0026063828942795;0,00327517929714756;0,00811242456615262;-0,00962720460524479;-0,00936294884046824;0,0117338912208863;0,0018102758411709;-0,00497317888529731;-0,0117425691822685;0,00926620384998499;-0,00143543671112214;-0,00211260393132883;-0,00457338431718646;-0,00381588480577717;0,00336488353662057;0,00784629855160326;0,00723281211541842;0,00644450762604241;0,00484436850951346;0,0158616163110383;0,00459042308717039;0,0128418861959654;0,00862625603387134;0,00474298733430413
"65";9,6534937605418;11,0083344997866;7,74096482857334;10,4350485583193;8,7293735024586;9,81821544274049;12,0634519170842;10,0101930497338;9,06085739219615;9,22341672892407;10,4400699430221;10,1987620757914;10,505435731308;10,5491745657683;-0,104085391363516;0,00681146387637864;0,00713506204941859;0,00775897295370639;0,00846970505779152;-0,00152228557420437;0,00900645524550168;-0,00903327669076307;-0,0131343082447909;0,0127737171430281;-0,000266188616587089;-0,00374941372687869;-0,00810318875310209;0,0101768424289488;0,00943088040445885;-0,00262661112979343;-0,00811555017659673;-0,00423240064930468;-0,00180375418626567;0,00531819205788595;0,00812044063720882;0,00849014966371634;0,00761298099216028;0,0166695388768133;0,00338340398752777;0,015374456734016;0,0087413673025461;0,00439884945662858
"66";9,68350483502275;10,9982830287177;7,71996440341581;10,4208328252282;8,71224282281848;9,81214938400935;12,0734011871623;10,0202133984862;9,06914549914456;9,23941392859643;10,4400442596084;10,2192627421561;10,5146924673784;10,5557338408311;-0,0141847882434234;-0,00246631761463793;-0,00242132900892784;-0,00624815159046794;-0,00857015026110733;-0,0127953865851351;0,010545411942513;-0,00745458642959976;-0,011842853265373;0,0121654797137739;-0,00187828447896776;0,00115004053244629;-0,00803187072037717;0,0118400422469322;0,0139983800325826;0,00224009548260382;-0,00774715736184781;0,00166772021770836;0,00109911938204123;0,00977648015483537;0,00774403111404094;0,00879946124648012;0,00947038622320179;0,0176822805811305;0,00352240864289143;0,0129534353499612;0,00837027861686853;0,00214532274873895
"67";9,718212666632;11,0080522606476;7,70774825942198;10,4286673819971;8,73198095841238;9,83508035212327;12,0816431743223;10,0321193231783;9,08898450410455;9,26539810270154;10,4414224904805;10,2315795699833;10,5244809471951;10,5526051353391;0,0592331882953383;0,00817803292959769;-0,00555525384522767;0,00502920312959164;0,0123129385032119;0,000737863995890859;0,0115449459807532;-0,00376445441317004;-0,000413295736878487;0,0204368020098311;-0,00419535189593266;0,000179231976346059;-0,00661570310962033;0,00659246602306577;0,0119186980271571;0,00119518867502107;-0,00515227124110675;0,00400012738423848;-0,00584387157851704;0,00553979906425698;0,00689134849427411;0,00705647178487782;0,00427959843537902;0,0133882957735558;0,00435049338038002;0,0115134175686257;0,00709556693244074;0,00438457871367016
"68";9,72480353438621;11,0038418730872;7,70793442602437;10,431679774824;8,69429595804507;9,8261106024124;12,0888565827249;10,035631825297;9,08502275160784;9,27976347319715;10,4478395007662;10,2386489574437;10,5375544430467;10,5564891966819;-0,0160061109076965;0,00103545330854927;0,00380613525283408;-0,000401598114194704;-0,0226665832415752;-0,013825884639012;0,011581825254301;-0,0068239371185709;-0,00946713197872863;0,0221318601770602;0,00118805438599008;-0,00410810833676276;-0,000791295177353982;0,0059998308876398;0,0121816019503124;0,0042974830335666;-0,00491354113474943;0,00632230042456668;0,00392247798914366;0,0103818063936757;0,00545619459670734;0,00778057315755268;0,00402080836007407;0,00846054940743408;0,00432376115802831;0,0137949071187967;0,00118459123271235;0,0065788710372443
"69";9,74143445629889;11,0083340081746;7,68772747303492;10,4403050108984;8,71345135993455;9,84170284312423;12,0907384962841;10,0426014409604;9,08054386851416;9,27680663584493;10,4504095323165;10,2604204673704;10,5280477393614;10,5662060138255;-0,00826792510087543;-0,000403845051217182;-0,0106726574022131;-0,00265784603468488;-0,00593083916205495;-0,00784053129157656;0,00834416620844691;-0,00768021618869486;-0,0188261073147615;0,0105192361048705;-0,0060128882697909;0,00343786484129166;-0,0113226212738806;0,00917429911845023;0,0108140244109063;0,00798062177798959;0,00139772650600181;0,00775837845144611;0,00589674606048074;0,0124810195101852;0,00735820172272549;0,00886013676298557;0,0111454803600568;0,0110472126838739;0,00476630748100634;0,00879349588668939;0,00455177718581218;0,00572236886404713
"70";9,75489576966115;11,0292041562384;7,6860980254143;10,4641717515796;8,72422049623205;9,869903310974;12,1023115056138;10,0563228592578;9,11100216148166;9,29225153425647;10,4651011522368;10,266906259805;10,5328984867109;10,5722504265749;0,0107067928343784;0,0118649144158063;-0,0116049659276669;0,00835730359270572;-0,00123328807460822;0,00849081522449199;0,012485061474564;-0,00237587330439332;0,00184641139105942;0,0147986829784314;0,00737179172858114;0,00149090880164428;-0,0106605638032373;0,00948400719213123;0,00879520651807423;0,00287842992678027;0,00832066464204371;0,000482717157683629;0,00583748631483109;0,00472733728183791;0,00576797572143404;0,0053040919943609;0,00392077774417727;0,0105922858566849;0,00119989931655334;0,00606074657648155;0,00715488858052736;0,00436682051594253
"71";9,76053146867073;11,0317911796828;7,69806713235929;10,4647256857903;8,73794532249487;9,87600084750543;12,1081482826948;10,0614908011145;9,10768340542456;9,29322826967516;10,4650177171691;10,2726603879177;10,5441864800534;10,5781132383181;-0,00102682691372576;0,00971958415485368;-0,00715649325453661;0,0042496597591364;0,00719770979364484;0,0100598017867279;0,0125211999692472;-0,00275864861552915;-0,00600497371220476;0,00392672513193898;0,00460750929789884;0,000938845345128776;-0,00692212026640825;0,0111875652843632;0,00753352383170195;-0,00203199517282078;0,0130256121200569;-0,00678939177742672;0,00161961737164911;-0,00416023616883789;0,00384568591291564;0,00219021757303852;0,00186600243008163;0,0159247492418944;-0,00193816588948562;0,00384439940004289;0,00566502202653495;0,00153530434495714
"72";9,76551553192067;11,0270403078922;7,71408876550791;10,4565546679837;8,73967223108267;9,85412204657234;12,1118334080909;10,0620325919975;9,10690745346596;9,32322255222686;10,4550639477209;10,2761149606337;10,5512431996491;10,5792407362056;-0,0107149159708581;0,00727566123937993;-0,00572437127115097;0,00443834783516058;0,00667679960825485;-0,00982749260519893;0,0123453228526306;-0,00348435210157522;-0,00977148679876516;0,0185898350595823;-0,00474872431914354;-0,000125552916994812;-0,00479499262818388;0,0103700890733594;0,00716912195764368;-0,00468804159642936;0,0169309766777197;-0,0142032425100302;-0,00354149624993549;-0,000404142852999624;0,00182723320125896;0,000977836633106436;0,00203508531625644;0,0121470069388506;-0,000977934602432836;0,00223062164108418;0,00319981198814744;-0,000524399473984846
"73";9,77686084613774;11,0265794902149;7,73390467910933;10,4370514555075;8,7442775479739;9,88141830440992;12,1137604097063;10,0719514561277;9,11322482782302;9,33380013841215;10,4562912085195;10,2783964441632;10,5543388131238;10,5748256779852;0,012821533082469;0,0138453818393421;-0,00539318327556643;0,0067129857273154;0,0167500940324989;0,020262516549997;0,0119209941129173;0,00668181849086113;-0,00533624652660174;0,0165455414628566;-0,000134291241326944;-0,000497278013178829;-0,00509778129752658;0,00646050502665911;0,0059539592791758;-0,0101507338429454;0,0195417450257712;-0,0176194994948198;-0,01295916298763;-0,0151100512927154;-0,000236586933432443;-0,00878468880671018;-0,000881736194611375;0,00921457028385211;-0,00143781587016421;0,00073075227257659;0,00137253069972744;0,000775263240130714
"74";9,77676274892496;11,0069486555169;7,76183055934047;10,4064013946794;8,70229244191193;9,84761026896095;12,1116925581272;10,0512267916184;9,11134379958947;9,34295184570678;10,4556928285772;10,2772482662829;10,5548665113984;10,5784276043379;-0,0102707206555256;0,00212356021589107;0,000834236152259767;-0,00936752349198893;-0,0142147815758634;0,000825773017443502;0,00996626307764508;-0,00551770823937927;-0,00604595090521254;0,0163619072532541;-0,00128760943890004;-0,00279292121376996;-0,00577419040510447;0,00880692077981494;0,0069452095343914;-0,0090060535881747;0,0192112871622213;-0,0143499396026624;-0,00663685219679641;-0,0187342296521527;-0,000429937360652323;-0,00722701136288131;-0,00313620938810236;0,00635227684932806;-0,00201930624267392;0,00164157353887558;6,03479857086648e-05;0,000264717076065828
"75";9,78856267504916;10,9992920748334;7,78682879570853;10,4049183341409;8,69670443889261;9,81192150439784;12,11285753466;10,0506746443308;9,11290596664623;9,34722448649727;10,454175322286;10,2788285911754;10,5554970987028;10,5783524847797;-0,00874237406721916;0,00577021876048592;0,00357610554166636;0,00821205190803671;-0,0106117871510333;-0,0163602965088474;0,0119034449681502;0,00225710031854771;0,000105592049072099;0,0134664470135026;-0,00143532351591626;-0,00296672277583066;-0,00562123602244884;0,00846734181296731;0,00655248280643029;-0,00916913952027989;0,0162453653361024;-0,0191678291555031;-0,00185716125434686;-0,0110681692502973;-0,00289871969190214;-0,0115734386255454;-0,0100678530590594;0,00458899608906206;-0,00248089111784633;0,00203607865310901;-0,00159502892367453;-0,000769612376573855
"76";9,79902370411732;10,9968903886628;7,80835439862136;10,3895763175723;8,70565281384361;9,81347146262616;12,1123090804447;10,0450068484418;9,10506863241503;9,35451298574121;10,4513217907176;10,283375288131;10,5547508632844;10,5769376267038;-0,0140537771986491;0,0112362037819933;0,0068461077408374;0,00371167611217858;0,00156404033714564;-0,00241622839230992;0,013826748361082;0,00770861590478257;0,00241588896998266;0,0158579423988925;-0,000942608637213093;-0,00056853446934178;-0,00490721559291793;0,00751023301532074;0,0048448927585736;-0,0147662659628356;0,0114869868679945;-0,026738955303037;-0,00270382252489976;-0,0127544111211239;-0,00676974611683063;-0,0213316669419729;-0,0183066173305789;0,00143529334027183;-0,00274144140355206;-0,000131072437739115;-0,00372109377624102;-0,000773429269672655
"77";9,81862839461335;10,9807857969076;7,82761712223126;10,3571609987132;8,70064981496763;9,80595095533458;12,1029718232379;10,0192763966449;9,07720841083946;9,36150277679981;10,4487130974671;10,2815199494161;10,5529164413183;10,57538164134;0,0316931622646918;0,0113286021200807;0,0147741253946088;0,00689282680153387;-0,000992416485814323;0,00378984515798631;0,0114035853448962;0,00243245489229724;-0,00826892220544206;0,0222376473469198;-0,0005687899916611;-0,0029005023825568;-0,00296230324922825;0,00669492815866067;-0,00220877079845793;-0,0193039825263795;0,00359874036376928;-0,0309464670211553;-0,00150799354484754;-0,017979194836847;-0,00881180502263306;-0,0270735138452148;-0,0188168125545077;-0,00625611382644687;-0,00259473241117704;-0,000687966489356239;-0,00681085511550144;-2,02916275579311e-05
"78";9,81077640312151;10,95119329289;7,82719764068672;10,311820253093;8,68376089476997;9,77169470029941;12,0919314396947;9,98152125392678;9,05743465034107;9,34571676401142;10,4471502899131;10,2797646326679;10,546471941993;10,5747317945322;0,000613190687034938;0,00138153389116483;0,0110114425606952;-0,00306503592466574;-0,0183080480702148;-0,0128476657083889;0,00918914662497481;-0,00841253557525178;-0,00893063224956766;0,0123526203546187;0,00074398740574527;-0,00498888704272395;-0,00281317505886212;0,00636584130297799;-0,00691633801409526;-0,0165080294645465;-0,00307897411922119;-0,0276248681189195;0,00835082498264584;-0,012565818857038;-0,00847660184302724;-0,0237538910205475;-0,0182522687149292;-0,00731541125971764;-0,00386362207050329;0,000625163079288449;-0,0101621518557942;0,000910730296057936
"79";9,79890407672377;10,9339896707578;7,8190168887548;10,2786161623652;8,70683473032302;9,76559420263888;12,0822309607968;9,95674880676901;9,04034474308178;9,33529310670663;10,4440635786191;10,2813836164973;10,5287428264092;10,5773999308112;-0,00866222657862621;0,00370397074126967;0,00920552512025875;-0,00170842821464009;-0,00296820086152939;-0,005889202942807;0,0080898455350491;-0,00994527154922767;-0,00777606380006317;0,0104295446844834;0,000780620075159132;-0,00406829554151723;-0,0100274792888835;0,00823146244577576;-0,0103200100478714;-0,0136568421599122;-0,00782545930130538;-0,0194044516505319;0,00997205402539709;-0,0116805930990138;-0,00715033595243531;-0,019644002255291;-0,0186183337489134;-0,00684190302912566;-0,00498890607120443;0,000792806914585312;-0,00795331916034225;0,000301649195369775
"80";9,78598239240802;10,9167437649101;7,7880216593494;10,258528575669;8,71873826686858;9,75853587034048;12,0749076260306;9,93515719043802;9,01952777585966;9,32665738678259;10,4384842273506;10,2820551033969;10,5207702519846;10,5776131137655;0,00816518875417814;0,000513912914681343;-0,010717914448896;-0,00537551928717456;-0,00289511462112793;-0,000325945724063625;0,0079226687206947;-0,0110194515802235;-0,00991299011359548;0,00827392012322913;0,000526961206215336;-0,00416696135605196;-0,0102689980969909;0,00819907706265823;-0,0136816961919627;-0,00894058345868762;-0,00307503380004652;-0,0119583613826447;0,010727636809306;-0,0130221404818249;-0,00585918935179692;-0,0150860314805156;-0,0177744291429685;-0,00437175679931848;-0,00614507325828069;0,000888319247054956;-0,00565237080694344;-0,000173971184600311
"81";9,76539229451969;10,9090773276462;7,77635869425438;10,2577984204511;8,73365830178342;9,7443777833902;12,0704087517715;9,92098562887007;9,00636632563951;9,32421798926262;10,4311933235877;10,2835946573386;10,5207175413569;10,575443594576;-0,0086130140118306;0,000610489304843261;-0,0147477014245257;0,00224093419917312;0,00320133382538541;-0,00155976657827588;0,00917746993154449;-0,010440533826155;-0,00433229998490692;0,0123742864472132;0,00104229043873196;-0,00301299927103128;-0,0044897953883696;0,00596181386891649;-0,0138855011530071;-0,00489936977305975;0,00474236722581687;-0,0105162168677838;0,0090923822040322;-0,0140374359120715;-0,00575918709726812;-0,0109054990056873;-0,0198758437764634;-0,00385510931762288;-0,00755900899421753;-5,31666810216702e-05;-0,00814228079396338;0,00117320092881088
"82";9,7514559886843;10,9119642065053;7,7868617532151;10,2546216898818;8,74440418166836;9,72987432571598;12,0642598680223;9,91285509504094;8,98511757215261;9,31762642213379;10,4213833719682;10,2822173920419;10,5103299564355;10,578997710886;-0,0025869542396891;0,00956138995743379;-0,0108600907112973;0,00615121792070297;0,00419231916365944;-0,00233306595146711;0,00952514896203301;-0,00698442161850099;-0,00464598738364887;0,00886949223763188;-0,00198925436913417;-0,00392533411537006;-0,00635250579153307;0,00798497211788792;-0,013738364007046;-0,00579461192307254;0,0105114047543828;-0,0130400025705016;0,00672729672709584;-0,0143792894429896;-0,00588565639973313;-0,00933995802728086;-0,0214297769945785;-0,00122281193499789;-0,00798075221980099;-0,000323008100159068;-0,00879936653350238;0,000683018681034119
"83";9,73557786416125;10,9037079320912;7,81127636889498;10,2385074804102;8,74683175868139;9,71447916573227;12,0580719143639;9,90567750117214;8,96104733777333;9,3196006472517;10,413988639384;10,281939644754;10,5012496314232;10,5787356335734;-0,00119936213288447;0,00521580089128684;0,0019541489812595;0,00142792305135959;-0,000587115839059714;-0,00365488629509232;0,0097707174982377;-0,00458416345704455;-0,00699737396045312;0,0119756273048386;-0,000852614754053527;-0,00348836020361169;-0,00692818322843713;0,0072610464092455;-0,0137505852861322;-0,00549692106137351;0,0109916849917632;-0,013372847515413;0,0069396223419882;-0,0139512408541906;-0,00599122640688396;-0,00920653319722485;-0,0212952230109565;-0,00136371665332467;-0,00820708447841228;-0,000610750767199714;-0,00862336287107607;0,000811890019501831
